{
  "metro.config.js": 1778831975.2998457,
  "App.jsx": 1778915605.831376,
  "src/context/PatientContext.jsx": 1778923778.9955928,
  "src/context/OnboardingContext.jsx": 1775315977.1883624,
  "src/constants/fonts.js": 1776494023.3660305,
  "src/constants/colors.js": 1776492856.1554096,
  "src/constants/routes.js": 1776523259.6689935,
  "src/navigation/AuthNavigator.jsx": 1778831839.5698602,
  "src/navigation/RootNavigator.jsx": 1778833959.089275,
  "src/navigation/MainNavigator.jsx": 1776524486.0038242,
  "src/navigation/AppNavigator.jsx": 1776495068.0287194,
  "src/navigation/stacks/MessagesStack.jsx": 1776523268.6698828,
  "src/navigation/stacks/HomeStack.jsx": 1776498499.437378,
  "src/navigation/stacks/BookStack.jsx": 1776500730.9401038,
  "src/screens/splash/SplashScreen.jsx": 1776494155.8184302,
  "src/screens/messages/ChatRoomScreen.jsx": 1778915659.2762227,
  "src/screens/messages/MessagesScreen.jsx": 1778944560.7334597,
  "src/screens/auth/TreatmentHistoryScreen.jsx": 1776500039.626514,
  "src/screens/auth/ClerkAuthScreen.jsx": 1778945143.8860316,
  "src/screens/auth/PainLocationScreen.jsx": 1776500058.778159,
  "src/screens/auth/LoginScreen.jsx": 1778835204.8286908,
  "src/screens/auth/RecoveryGoalsScreen.jsx": 1776500041.651349,
  "src/screens/auth/PainDurationScreen.jsx": 1776500027.58521,
  "src/screens/auth/AvailabilityScreen.jsx": 1776500091.3744664,
  "src/screens/auth/PainSeverityScreen.jsx": 1776500705.1439588,
  "src/screens/auth/OnboardingCompleteScreen.jsx": 1778833580.9021966,
  "src/screens/auth/PersonalInfoScreen.jsx": 1778918306.348476,
  "src/screens/main/ProfileScreen.jsx": 1778923805.6894126,
  "src/screens/main/BookingConfirmedScreen.jsx": 1776499015.1449502,
  "src/screens/main/ProgressScreen.jsx": 1776517716.9367008,
  "src/screens/main/HomeScreen.jsx": 1776501124.828342,
  "src/screens/main/BookScreen.jsx": 1776494109.6865032,
  "src/screens/main/SlotSelectionScreen.jsx": 1776494088.5217237,
  "src/screens/main/SessionScreen.jsx": 1776499737.2682674,
  "src/screens/main/BookTherapistScreen.jsx": 1778921064.385008,
  "src/components/ui/AchievementIcon.jsx": 1776498304.0340064,
  "src/components/ui/PrimaryButton.jsx": 1776494133.6720445,
  "src/components/ui/OutlineButton.jsx": 1776494135.8028898,
  "src/components/chat/ConversationRow.jsx": 1776517553.6807332,
  "src/components/chat/ComposerBar.jsx": 1776523720.7326064,
  "src/components/chat/MessageBubble.jsx": 1776517504.7999816,
  "src/components/chat/AttachmentSheet.jsx": 1776525176.850494,
  "src/components/chat/CenterTabButton.jsx": 1776523470.4113798,
  "src/components/chat/ReplyPreview.jsx": 1776517473.7668445,
  "src/components/chat/TypingIndicator.jsx": 1776523289.8784854,
  "src/components/auth/SelectablePill.jsx": 1775316012.1969903,
  "src/components/auth/SelectableCard.jsx": 1776500061.6765046,
  "src/components/auth/OnboardingShell.jsx": 1776499974.1235852,
  "src/components/booking/TherapistCard.jsx": 1776493070.6688583,
  "src/components/navigation/TabScreenWrapper.jsx": 1776501572.74443,
  "src/components/navigation/AnimatedTabBar.jsx": 1776517679.4536057,
  "src/lib/apiClient.js": 1778915500.042241,
  "src/lib/reactDomStub.js": 1778831985.9192297,
  "src/lib/chatSocket.js": 1778915521.7706723,
  "src/services/chatService.js": 1778944517.0493736,
  "src/services/auth/mockOnboardingService.js": 1775316023.530468,
  "CLAUDE.md": 1776567451.781633,
  "graphify-out/graph.html": 1776567351.2534795,
  "graphify-out/GRAPH_REPORT.md": 1776567342.868485
}