{
  "App.jsx": 1776494590.6484864,
  "src/context/PatientContext.jsx": 1776493089.3283179,
  "src/context/OnboardingContext.jsx": 1775315977.1883621,
  "src/constants/fonts.js": 1776494023.3660305,
  "src/constants/colors.js": 1776492856.1554096,
  "src/constants/routes.js": 1776523259.6689935,
  "src/navigation/AuthNavigator.jsx": 1776494618.2443795,
  "src/navigation/RootNavigator.jsx": 1776438326.0695946,
  "src/navigation/MainNavigator.jsx": 1776524486.0038242,
  "src/navigation/AppNavigator.jsx": 1776495068.0287192,
  "src/navigation/stacks/MessagesStack.jsx": 1776523268.6698828,
  "src/navigation/stacks/HomeStack.jsx": 1776498499.437378,
  "src/navigation/stacks/BookStack.jsx": 1776500730.9401038,
  "src/screens/splash/SplashScreen.jsx": 1776494155.8184302,
  "src/screens/messages/ChatRoomScreen.jsx": 1776525244.5554488,
  "src/screens/messages/MessagesScreen.jsx": 1776517576.9402702,
  "src/screens/auth/TreatmentHistoryScreen.jsx": 1776500039.626514,
  "src/screens/auth/ClerkAuthScreen.jsx": 1775315851.1888194,
  "src/screens/auth/PainLocationScreen.jsx": 1776500058.778159,
  "src/screens/auth/LoginScreen.jsx": 1776494046.4085007,
  "src/screens/auth/RecoveryGoalsScreen.jsx": 1776500041.651349,
  "src/screens/auth/PainDurationScreen.jsx": 1776500027.58521,
  "src/screens/auth/AvailabilityScreen.jsx": 1776500091.3744664,
  "src/screens/auth/PainSeverityScreen.jsx": 1776500705.1439588,
  "src/screens/auth/OnboardingCompleteScreen.jsx": 1776498777.1344254,
  "src/screens/auth/PersonalInfoScreen.jsx": 1776500063.6948812,
  "src/screens/main/ProfileScreen.jsx": 1776517723.6636913,
  "src/screens/main/BookingConfirmedScreen.jsx": 1776499015.1449502,
  "src/screens/main/ProgressScreen.jsx": 1776517716.9367008,
  "src/screens/main/HomeScreen.jsx": 1776501124.828342,
  "src/screens/main/BookScreen.jsx": 1776494109.6865032,
  "src/screens/main/SlotSelectionScreen.jsx": 1776494088.5217237,
  "src/screens/main/SessionScreen.jsx": 1776499737.2682672,
  "src/screens/main/BookTherapistScreen.jsx": 1776501126.8668513,
  "src/components/ui/AchievementIcon.jsx": 1776498304.0340064,
  "src/components/ui/PrimaryButton.jsx": 1776494133.6720445,
  "src/components/ui/OutlineButton.jsx": 1776494135.8028898,
  "src/components/chat/ConversationRow.jsx": 1776517553.6807332,
  "src/components/chat/ComposerBar.jsx": 1776523720.7326062,
  "src/components/chat/MessageBubble.jsx": 1776517504.7999816,
  "src/components/chat/AttachmentSheet.jsx": 1776525176.850494,
  "src/components/chat/CenterTabButton.jsx": 1776523470.4113798,
  "src/components/chat/ReplyPreview.jsx": 1776517473.7668443,
  "src/components/chat/TypingIndicator.jsx": 1776523289.8784852,
  "src/components/auth/SelectablePill.jsx": 1775316012.1969903,
  "src/components/auth/SelectableCard.jsx": 1776500061.6765044,
  "src/components/auth/OnboardingShell.jsx": 1776499974.1235855,
  "src/components/booking/TherapistCard.jsx": 1776493070.6688583,
  "src/components/navigation/TabScreenWrapper.jsx": 1776501572.7444303,
  "src/components/navigation/AnimatedTabBar.jsx": 1776517679.4536057,
  "src/services/chatService.js": 1776517418.6061912,
  "src/services/auth/mockOnboardingService.js": 1775316023.530468,
  "ONBOARDING_PLAN.md": 1775315185.319304,
  "MWP_PATIENT_ONBOARDING.md": 1775315497.3711274,
  "CLAUDE.md": 1776525377.0671616
}