{
  "jest.config.js": 1777185587.4557033,
  "test-integrations.js": 1778831125.395758,
  "scripts/seedAdmin.js": 1777185585.4246604,
  "scripts/seed-exercises.js": 1777186295.722256,
  "src/server.js": 1778944348.0306816,
  "src/app.js": 1778944335.7510033,
  "src/core/middleware/authMiddleware.js": 1778919583.3737497,
  "src/core/middleware/idempotency.js": 1777185305.007137,
  "src/core/middleware/fileUpload.js": 1777185298.4931262,
  "src/core/middleware/socketAuthMiddleware.js": 1777185255.0553324,
  "src/core/middleware/correlationId.js": 1777185245.4925308,
  "src/core/middleware/rbac.js": 1777185261.7405267,
  "src/core/middleware/ownership.js": 1777185263.7571476,
  "src/core/middleware/errorHandler.js": 1777185318.3550513,
  "src/core/middleware/rateLimiter.js": 1778825404.9979174,
  "src/core/middleware/validate.js": 1777185290.3196445,
  "src/core/middleware/responseTimer.js": 1778830901.5168767,
  "src/core/middleware/auditLog.js": 1777185309.4665365,
  "src/core/middleware/requestLogger.js": 1777185320.3737402,
  "src/core/privacy/dataPrivacyService.js": 1777383002.7917762,
  "src/core/cache/cacheManager.js": 1777185341.12598,
  "src/core/plugins/PluginBase.js": 1777186353.3031704,
  "src/core/plugins/PluginManager.js": 1777185376.6784778,
  "src/core/utils/constants.js": 1777381708.8532107,
  "src/core/utils/logger.js": 1778829420.5795624,
  "src/core/utils/apiResponse.js": 1777185197.9973826,
  "src/core/utils/softDelete.js": 1777185229.132581,
  "src/core/utils/circuitBreaker.js": 1777185231.1553757,
  "src/core/utils/asyncHandler.js": 1777185206.2238505,
  "src/core/utils/paginator.js": 1777185222.5439727,
  "src/core/jobs/jobQueue.js": 1778830311.0163937,
  "src/core/jobs/workers/notificationWorker.js": 1778830324.4250524,
  "src/core/jobs/workers/auditWorker.js": 1778830333.9506881,
  "src/config/database.js": 1777185027.9375434,
  "src/config/swagger.js": 1777185062.4358554,
  "src/config/cors.js": 1777185035.486443,
  "src/config/env.js": 1777185024.1663768,
  "src/config/redis.js": 1777185033.4791284,
  "src/config/featureFlags.js": 1777185060.417231,
  "src/config/providers.js": 1777185053.172645,
  "src/plugins/video/video.controller.js": 1778825712.7744122,
  "src/plugins/video/index.js": 1778825712.7746687,
  "src/plugins/video/video.validation.js": 1778825712.7749052,
  "src/plugins/video/video.service.js": 1778825712.7751465,
  "src/plugins/progress/progress.service.js": 1778825712.775424,
  "src/plugins/progress/index.js": 1778825712.7757633,
  "src/plugins/progress/progress.controller.js": 1778825712.7759933,
  "src/plugins/chat/chat.validation.js": 1778948776.200701,
  "src/plugins/chat/index.js": 1778949464.5667374,
  "src/plugins/chat/chat.service.js": 1778949481.0675018,
  "src/plugins/chat/chat.controller.js": 1778948987.4339848,
  "src/plugins/notification/index.js": 1778825712.777487,
  "src/plugins/notification/notification.service.js": 1778825712.7777462,
  "src/plugins/notification/notification.controller.js": 1778825712.7779796,
  "src/plugins/exercise/exercise.controller.js": 1778825712.7782426,
  "src/plugins/exercise/index.js": 1778825712.7784836,
  "src/plugins/exercise/exercise.service.js": 1778825712.7787764,
  "src/plugins/session/session.service.js": 1778825712.779117,
  "src/plugins/session/session.controller.js": 1778825712.7794802,
  "src/plugins/session/index.js": 1778825712.7797616,
  "src/plugins/session/session.validation.js": 1778825712.7800503,
  "src/providers/video/WebRTCAdapter.js": 1777185156.8088226,
  "src/providers/sms/MSG91Adapter.js": 1777185125.8966386,
  "src/providers/auth/ClerkAdapter.js": 1778922206.8103967,
  "src/providers/notification/FCMAdapter.js": 1777185134.975181,
  "src/providers/storage/S3Adapter.js": 1777185118.1963687,
  "src/providers/messaging/SocketIOAdapter.js": 1777185154.8004508,
  "src/providers/email/ResendAdapter.js": 1777185136.9885042,
  "src/providers/interfaces/MessagingProvider.js": 1777185081.455591,
  "src/providers/interfaces/NotificationProvider.js": 1777185089.0126436,
  "src/providers/interfaces/VideoProvider.js": 1777185077.205187,
  "src/providers/interfaces/SMSProvider.js": 1777185086.0349455,
  "src/providers/interfaces/AuthProvider.js": 1777185075.1598315,
  "src/providers/interfaces/StorageProvider.js": 1777185083.878346,
  "src/providers/interfaces/EmailProvider.js": 1777185091.0274982,
  "src/models/Assessment.model.js": 1777186077.884285,
  "src/models/ChatRoom.model.js": 1777381708.8533616,
  "src/models/OTP.model.js": 1777185398.430396,
  "src/models/SessionNote.model.js": 1778825414.763561,
  "src/models/OnboardingDraft.model.js": 1777185401.967528,
  "src/models/Message.model.js": 1777381708.8534815,
  "src/models/AuditLog.model.js": 1777185405.5658565,
  "src/models/Notification.model.js": 1777185407.6011317,
  "src/models/User.model.js": 1778825727.7948697,
  "src/models/TrackingSession.model.js": 1777186079.908271,
  "src/models/Exercise.model.js": 1777186070.1819942,
  "src/models/Booking.model.js": 1777186063.1139932,
  "src/models/VideoCall.model.js": 1777381708.8535962,
  "src/container/index.js": 1778949444.9964418,
  "src/modules/auth/auth.routes.js": 1778945084.249417,
  "src/modules/auth/auth.validation.js": 1778945054.1427944,
  "src/modules/auth/auth.service.js": 1778944442.4147503,
  "src/modules/auth/auth.controller.js": 1778945070.0349174,
  "src/modules/booking/booking.service.js": 1777186124.2714596,
  "src/modules/booking/booking.controller.js": 1777186156.579121,
  "src/modules/booking/booking.routes.js": 1777186158.6129465,
  "src/modules/booking/booking.validation.js": 1777186144.948103,
  "src/modules/admin/admin.service.js": 1778825599.7586248,
  "src/modules/admin/admin.controller.js": 1778825613.4197705,
  "src/modules/admin/admin.routes.js": 1778825628.3997705,
  "src/modules/assessment/assessment.service.js": 1777186205.047579,
  "src/modules/assessment/assessment.routes.js": 1777186214.8760278,
  "src/modules/assessment/assessment.validation.js": 1778825437.479762,
  "src/modules/assessment/assessment.controller.js": 1777186212.8536189,
  "src/modules/patient/patient.validation.js": 1778825431.160204,
  "src/modules/patient/patient.routes.js": 1778825460.624301,
  "src/modules/patient/patient.service.js": 1778825505.3056872,
  "src/modules/patient/patient.controller.js": 1778825479.3732502,
  "src/modules/therapist/therapist.routes.js": 1778825535.480808,
  "src/modules/therapist/therapist.controller.js": 1778921028.2107193,
  "src/modules/therapist/therapist.validation.js": 1778921054.9836338,
  "src/modules/therapist/therapist.service.js": 1778921020.2374654,
  "graphify-out/graph.html": 1777186805.7905016,
  "graphify-out/GRAPH_REPORT.md": 1777186805.7821822
}